{
  "name": 151.20744560830207,
  "item_id": 152.60635061034571,
  "count": 0.0,
  "request_type": 0.0,
  "table_type": 0.0,
  "potential_grade": 23.112140611214716,
  "additional_grade": 49.03737141890241,
  "payload_star_force": 48.30389516342902,
  "payload_potential_grade": 2.8147790882038985,
  "payload_scroll_count": 42.0008829801092,
  "payload_item_id": 9.808387571401067,
  "payload_trade_sn": 75.61254497830726,
  "detail_base_STR": 0.0,
  "detail_base_DEX": 0.0,
  "detail_base_INT": 0.0,
  "detail_base_LUK": 0.0,
  "detail_scroll_STR_sum": 47.603510731957286,
  "detail_scroll_STR_max": 32.902236714136855,
  "detail_scroll_DEX_sum": 35.00555920344319,
  "detail_scroll_DEX_max": 17.504483410889957,
  "detail_scroll_INT_sum": 36.404386412006374,
  "detail_scroll_INT_max": 37.10535011335159,
  "detail_scroll_LUK_sum": 51.806076291815195,
  "detail_scroll_LUK_max": 20.301595716717497,
  "detail_MHP_sum": 23.101264863185285,
  "detail_MHP_max": 4.900769577989646,
  "detail_MMP_sum": 10.50056351896147,
  "detail_MMP_max": 4.200590546906194,
  "detail_PAD_sum": 126.70769693148779,
  "detail_PAD_max": 106.46510433951538,
  "detail_MAD_sum": 108.51057209505123,
  "detail_MAD_max": 75.63200333493752,
  "detail_PDD_sum": 49.003627948115266,
  "detail_PDD_max": 43.40417517691458,
  "detail_percent_MHP_sum": 7.70017455695636,
  "detail_percent_MMP_sum": 1.9845986645795196e-05,
  "detail_percent_BDR_sum": 0.0,
  "detail_percent_IMDR_sum": 3.5044896724499432,
  "detail_percent_Damage_sum": 0.0,
  "detail_percent_StatR_sum": 14.00064763601845,
  "detail_scroll_count": 4.200779199635976,
  "detail_cuttable": 65.80422476003332,
  "potential_options_count": 4.200025493242304,
  "potential_has_skill_cooldown": 10.500145530163074,
  "potential_has_stat_percent": 14.001902355378366,
  "potential_has_damage": 14.701698390966948,
  "additional_options_count": 1.400772707203564,
  "additional_has_skill_cooldown": 12.60007818137686,
  "additional_has_stat_percent": 4.200260254868461,
  "additional_has_damage": 11.904435149264748,
  "summary_star_force_current": 3.5021906191487986,
  "summary_star_force_max": 4.9007586430739725,
  "year": 0.0,
  "month": 9.349035008807264e-05,
  "day": 21.00263940279616,
  "day_of_week": 11.901028113769144,
  "hour": 27.303735358567707,
  "day_of_year": 24.502722639712506,
  "trade_year": 0.0,
  "trade_month": 9.801823138042565,
  "trade_day_of_week": 23.101989903396294
}