{
  "train_rmse": 3611079544.8839526,
  "train_mae": 496760254.65404594,
  "train_r2": 0.8616922897316871,
  "train_mape": 21434.741866345517,
  "val_rmse": 3457807138.607549,
  "val_mae": 593776637.196234,
  "val_r2": 0.8375829638540595,
  "val_mape": 14868.688292020874,
  "test_rmse": 3904012871.2302756,
  "test_mae": 591732817.7359694,
  "test_r2": 0.8033887014486777,
  "test_mape": 31285.988609487646,
  "model_type": "ensemble",
  "rf_weight": 0.3,
  "lgb_weight": 0.7
}