{
  "train_mse": 3.501688010186418e+19,
  "train_rmse": 5917506240.120426,
  "train_mae": 528318641.422958,
  "train_r2": 0.6285933031249822,
  "train_mape": 2413.2602866321163,
  "val_mse": 1.440375761566626e+19,
  "val_rmse": 3795228269.2436643,
  "val_mae": 517887836.46888244,
  "val_r2": 0.8043382865419287,
  "val_mape": 1481.9521320881458,
  "test_mse": 2.015050285202291e+19,
  "test_rmse": 4488931148.05996,
  "test_mae": 525563741.25448114,
  "test_r2": 0.7400607399939474,
  "test_mape": 34241.07840787085,
  "model_type": "lightgbm"
}