{
  "train_mse": 1.7495530315091028e+19,
  "train_rmse": 4182765869.0262628,
  "train_mae": 420971957.4970643,
  "train_r2": 0.77835160875368,
  "train_mape": 1206.1271227789534,
  "train_log_r2": 0.9688664509156729,
  "val_mse": 2.004062138588858e+19,
  "val_rmse": 4476675260.26722,
  "val_mae": 425300427.70816755,
  "val_r2": 0.7615468315361531,
  "val_mape": 325.3323814866095,
  "val_log_r2": 0.968422214605928,
  "test_mse": 1.6917367667807824e+19,
  "test_rmse": 4113072776.8674145,
  "test_mae": 427448110.87288064,
  "test_r2": 0.7884988300934868,
  "test_mape": 353.74266568747237,
  "test_log_r2": 0.9690503324440736,
  "model_type": "lightgbm_improved",
  "use_log_transform": true,
  "n_features": 134,
  "n_train_samples": 1840936,
  "n_test_samples": 525982,
  "hyperparameters": {
    "reg_lambda": 1.0,
    "reg_alpha": 0.1,
    "num_leaves": 31,
    "n_estimators": 300,
    "min_child_samples": 10,
    "max_depth": 7,
    "learning_rate": 0.1,
    "feature_fraction": 0.9,
    "bagging_freq": 7,
    "bagging_fraction": 0.8
  },
  "training_date": "2025-12-16T16:19:10.565783"
}