{
  "name": 0.023720815955555773,
  "item_id": 0.02401976884700471,
  "count": 0.0,
  "request_type": 0.0,
  "table_type": 0.0,
  "potential_grade": 0.054350023022586465,
  "additional_grade": 0.07891084443321414,
  "payload_star_force": 0.009427937054876776,
  "payload_potential_grade": 0.05457225870860523,
  "payload_scroll_count": 0.0036785006465839213,
  "payload_item_id": 0.02478516014673104,
  "payload_trade_sn": 0.04628254045147407,
  "detail_base_STR": 0.0,
  "detail_base_DEX": 0.0,
  "detail_base_INT": 0.0,
  "detail_base_LUK": 0.0,
  "detail_scroll_STR_sum": 0.010866516567414159,
  "detail_scroll_STR_max": 0.005053760435445971,
  "detail_scroll_DEX_sum": 0.025102703239339736,
  "detail_scroll_DEX_max": 0.02054700313274431,
  "detail_scroll_INT_sum": 0.009706112163704617,
  "detail_scroll_INT_max": 0.012178056140725695,
  "detail_scroll_LUK_sum": 0.006008365620398723,
  "detail_scroll_LUK_max": 0.003495696491704765,
  "detail_MHP_sum": 0.003767379361571805,
  "detail_MHP_max": 0.0037146620516657785,
  "detail_MMP_sum": 0.0018799303997400455,
  "detail_MMP_max": 0.001625187227774179,
  "detail_PAD_sum": 0.03224298768192255,
  "detail_PAD_max": 0.2843099778980974,
  "detail_MAD_sum": 0.022894274659710296,
  "detail_MAD_max": 0.10095075952437092,
  "detail_PDD_sum": 0.00914272257863881,
  "detail_PDD_max": 0.00976659174898189,
  "detail_percent_MHP_sum": 0.0004246130814620174,
  "detail_percent_MMP_sum": 3.3745008350286665e-05,
  "detail_percent_BDR_sum": 0.0,
  "detail_percent_IMDR_sum": 0.01894618279483876,
  "detail_percent_Damage_sum": 0.0,
  "detail_percent_StatR_sum": 0.002115737166037483,
  "detail_scroll_count": 0.0016020990011864373,
  "detail_cuttable": 0.013441883925341703,
  "potential_options_count": 0.0001830652321636577,
  "potential_has_skill_cooldown": 0.000954066270240435,
  "potential_has_stat_percent": 0.001562107794638675,
  "potential_has_damage": 0.0041549190103371495,
  "additional_options_count": 0.004084260840681778,
  "additional_has_skill_cooldown": 0.00044430342682321176,
  "additional_has_stat_percent": 0.0010839064687175074,
  "additional_has_damage": 0.013875135841816433,
  "summary_star_force_current": 0.008922028031250253,
  "summary_star_force_max": 0.0038515632666329376,
  "year": 0.0,
  "month": 0.0003052548855397579,
  "day": 0.0061072437177817785,
  "day_of_week": 0.0031917060323472636,
  "hour": 0.010877417185121242,
  "day_of_year": 0.006498312062561918,
  "trade_year": 0.0,
  "trade_month": 0.009625758352178361,
  "trade_day_of_week": 0.0047141544133671555
}