{
  "name": 0.0008498131987094189,
  "item_id": 0.0007415079573220212,
  "count": 0.0,
  "price_per_unit": 0.9789550900054191,
  "request_type": 0.0,
  "table_type": 0.0,
  "potential_grade": 4.832439421256697e-07,
  "additional_grade": 3.897147678485939e-06,
  "payload_star_force": 6.626446467229395e-06,
  "payload_potential_grade": 3.411437989982174e-07,
  "payload_scroll_count": 0.00036251576583686874,
  "payload_item_id": 0.0008490035841402491,
  "payload_trade_sn": 0.00023160911842936505,
  "detail_base_STR": 0.0,
  "detail_base_DEX": 0.0,
  "detail_base_INT": 0.0,
  "detail_base_LUK": 0.0,
  "detail_scroll_STR_sum": 0.001143590364690624,
  "detail_scroll_STR_max": 0.0027143472017470216,
  "detail_scroll_DEX_sum": 0.0003421219291770162,
  "detail_scroll_DEX_max": 1.730054771064028e-05,
  "detail_scroll_INT_sum": 0.00026967948672021035,
  "detail_scroll_INT_max": 1.3830512378789306e-05,
  "detail_scroll_LUK_sum": 0.00012120269629400186,
  "detail_scroll_LUK_max": 7.618275229257722e-05,
  "detail_MHP_sum": 0.0003591023905414532,
  "detail_MHP_max": 0.0004027821323601312,
  "detail_MMP_sum": 6.01745633581257e-06,
  "detail_MMP_max": 1.4133216551289318e-05,
  "detail_PAD_sum": 0.0008039446162440967,
  "detail_PAD_max": 0.0031899679456292014,
  "detail_MAD_sum": 0.002790640519588965,
  "detail_MAD_max": 0.001601762167448863,
  "detail_PDD_sum": 0.0001916805246192329,
  "detail_PDD_max": 0.0005583378607862578,
  "detail_percent_MHP_sum": 1.2288807592457785e-07,
  "detail_percent_MMP_sum": 4.003335429850188e-09,
  "detail_percent_BDR_sum": 0.0,
  "detail_percent_IMDR_sum": 4.0031610853279556e-05,
  "detail_percent_Damage_sum": 0.0,
  "detail_percent_StatR_sum": 0.0002737533938580152,
  "detail_scroll_count": 0.0006879194186836399,
  "detail_cuttable": 7.49952449063463e-05,
  "potential_options_count": 8.577165382680558e-08,
  "potential_has_skill_cooldown": 7.341229522917433e-05,
  "potential_has_stat_percent": 1.3060332028509394e-07,
  "potential_has_damage": 1.0162324328351396e-06,
  "additional_options_count": 3.7654749359646083e-07,
  "additional_has_skill_cooldown": 4.955264352199855e-06,
  "additional_has_stat_percent": 2.9697523460342614e-07,
  "additional_has_damage": 4.273459674576403e-08,
  "summary_star_force_current": 0.00014283499718000024,
  "summary_star_force_max": 1.7761053655368562e-06,
  "year": 0.0,
  "month": 1.0320671957346401e-07,
  "day": 0.0006266980932726568,
  "day_of_week": 0.0004468152586620594,
  "hour": 0.0002438887270766155,
  "day_of_year": 1.68016079248243e-05,
  "trade_year": 0.0,
  "trade_month": 1.4852717764325863e-05,
  "trade_day_of_week": 0.0007315743691484987
}