{
  "train_mse": 3.1666298217797056e+17,
  "train_rmse": 562728160.1074985,
  "train_mae": 70347748.75845714,
  "train_r2": 0.9981220076982428,
  "train_mape": 0.5936460105419256,
  "val_mse": 3.099276252103871e+18,
  "val_rmse": 1760476143.5770354,
  "val_mae": 409632775.8675254,
  "val_r2": 0.9911027490331891,
  "val_mape": 1.8346681971499195,
  "test_mse": 3.39450927424541e+19,
  "test_rmse": 5826241733.952867,
  "test_mae": 582506508.4416765,
  "test_r2": 0.878532136307812,
  "test_mape": 1.7994076175323104
}