{
  "train_mse": 2.6009807934150656e+18,
  "train_rmse": 1612755652.1107175,
  "train_mae": 191396178.2812118,
  "train_r2": 0.9699055519052378,
  "train_mape": 4412.474876387652,
  "val_mse": 1.1084555652595206e+19,
  "val_rmse": 3329347631.683301,
  "val_mae": 506750784.7631476,
  "val_r2": 0.8298886810057762,
  "val_mape": 14241.35726730727,
  "test_mse": 4.08071644080446e+19,
  "test_rmse": 6388048560.244717,
  "test_mae": 532778646.8292634,
  "test_r2": 0.6269738958231457,
  "test_mape": 44968.692038754416
}